Keyword,Frequency,Sentiment
new york,40,Neutral
master splinter,27,Neutral
rat king,12,Neutral
giant rat,12,Neutral
make rule,12,Neutral
pizza rat,12,Neutral
new york,63,Positive
look like,54,Positive
rat man,41,Positive
pigeon man,27,Positive
sound like,25,Positive
pet rat,23,Positive
new york,60,Negative
rat problem,30,Negative
nyc rat,24,Negative
forced perspective,21,Negative
rat man,20,Negative
shit rat,15,Negative
new york,163,All
look like,66,All
rat man,64,All
new york city,53,All
rodent unusual size,41,All
new york rat,41,All